,Country,Year,marriage_rate,Continent
0,Australia,1970,9.2798,Oceania
1,Australia,1980,7.4,Oceania
2,Australia,1981,7.6,Oceania
3,Australia,1982,7.7,Oceania
4,Australia,1983,7.5,Oceania
5,Australia,1984,7.0,Oceania
6,Australia,1985,7.3,Oceania
7,Australia,1986,7.2,Oceania
8,Australia,1987,7.0,Oceania
9,Australia,1988,7.1,Oceania
10,Australia,1989,7.0,Oceania
11,Australia,1990,6.9,Oceania
12,Australia,1991,6.6,Oceania
13,Australia,1992,6.6,Oceania
14,Australia,1993,6.411,Oceania
15,Australia,1994,6.2,Oceania
16,Australia,1995,6.1,Oceania
17,Australia,1996,5.8,Oceania
18,Australia,1997,5.8,Oceania
19,Australia,1998,5.9,Oceania
20,Australia,1999,6.0,Oceania
21,Australia,2000,5.9,Oceania
22,Australia,2001,5.3,Oceania
23,Australia,2002,5.4,Oceania
24,Australia,2003,5.348,Oceania
25,Australia,2004,5.5,Oceania
26,Australia,2005,5.4,Oceania
27,Australia,2006,5.5,Oceania
28,Australia,2007,5.5,Oceania
29,Australia,2008,5.5,Oceania
30,Australia,2009,5.5,Oceania
31,Australia,2010,5.4,Oceania
32,Australia,2011,5.4,Oceania
33,Australia,2012,5.4,Oceania
34,Australia,2013,5.1,Oceania
35,Australia,2014,5.2,Oceania
36,Australia,2015,4.8,Oceania
37,Australia,2016,4.9,Oceania
38,Australia,2017,4.59182518201094,Oceania
39,Austria,1960,8.3,Europe
40,Austria,1961,8.5,Europe
41,Austria,1962,8.4,Europe
42,Austria,1963,8.1,Europe
43,Austria,1964,8.0,Europe
44,Austria,1965,7.8,Europe
45,Austria,1966,7.6,Europe
46,Austria,1967,7.6,Europe
47,Austria,1968,7.6,Europe
48,Austria,1969,7.3,Europe
49,Austria,1970,7.1,Europe
50,Austria,1971,6.4,Europe
51,Austria,1972,7.6,Europe
52,Austria,1973,6.5,Europe
53,Austria,1974,6.5,Europe
54,Austria,1975,6.1,Europe
55,Austria,1976,6.0,Europe
56,Austria,1977,6.0,Europe
57,Austria,1978,5.9,Europe
58,Austria,1979,6.0,Europe
59,Austria,1980,6.2,Europe
60,Austria,1981,6.3,Europe
61,Austria,1982,6.3,Europe
62,Austria,1983,7.4,Europe
63,Austria,1984,6.1,Europe
64,Austria,1985,5.9,Europe
65,Austria,1986,6.1,Europe
66,Austria,1987,10.1,Europe
67,Austria,1988,4.7,Europe
68,Austria,1989,5.6,Europe
69,Austria,1990,5.9,Europe
70,Austria,1991,5.7,Europe
71,Austria,1992,5.8,Europe
72,Austria,1993,5.7,Europe
73,Austria,1994,5.5,Europe
74,Austria,1995,5.4,Europe
75,Austria,1996,5.3,Europe
76,Austria,1997,5.2,Europe
77,Austria,1998,4.9,Europe
78,Austria,1999,4.9,Europe
79,Austria,2000,4.9,Europe
80,Austria,2001,4.3,Europe
81,Austria,2002,4.5,Europe
82,Austria,2003,4.6,Europe
83,Austria,2004,4.7,Europe
84,Austria,2005,4.8,Europe
85,Austria,2006,4.5,Europe
86,Austria,2007,4.3,Europe
87,Austria,2008,4.2,Europe
88,Austria,2009,4.3,Europe
89,Austria,2010,4.5,Europe
90,Austria,2011,4.3,Europe
91,Austria,2012,4.6,Europe
92,Austria,2013,4.3,Europe
93,Austria,2014,4.4,Europe
94,Austria,2015,5.1,Europe
95,Austria,2016,5.1,Europe
96,Austria,2017,5.1,Europe
97,Belgium,1960,7.1,Europe
98,Belgium,1961,6.8,Europe
99,Belgium,1962,6.7,Europe
100,Belgium,1963,6.7,Europe
101,Belgium,1964,6.9,Europe
102,Belgium,1965,7.0,Europe
103,Belgium,1966,7.2,Europe
104,Belgium,1967,7.1,Europe
105,Belgium,1968,7.2,Europe
106,Belgium,1969,7.5,Europe
107,Belgium,1970,7.6,Europe
108,Belgium,1971,7.6,Europe
109,Belgium,1972,7.7,Europe
110,Belgium,1973,7.6,Europe
111,Belgium,1974,7.5,Europe
112,Belgium,1975,7.3,Europe
113,Belgium,1976,7.2,Europe
114,Belgium,1977,7.0,Europe
115,Belgium,1978,6.8,Europe
116,Belgium,1979,6.6,Europe
117,Belgium,1980,6.7,Europe
118,Belgium,1981,6.5,Europe
119,Belgium,1982,6.3,Europe
120,Belgium,1983,6.1,Europe
121,Belgium,1984,6.0,Europe
122,Belgium,1985,5.8,Europe
123,Belgium,1986,5.8,Europe
124,Belgium,1987,5.7,Europe
125,Belgium,1988,6.0,Europe
126,Belgium,1989,6.4,Europe
127,Belgium,1990,6.5,Europe
128,Belgium,1991,6.1,Europe
129,Belgium,1992,5.8,Europe
130,Belgium,1993,5.4,Europe
131,Belgium,1994,5.1,Europe
132,Belgium,1995,5.1,Europe
133,Belgium,1996,5.0,Europe
134,Belgium,1997,4.7,Europe
135,Belgium,1998,4.4,Europe
136,Belgium,1999,4.3,Europe
137,Belgium,2000,4.4,Europe
138,Belgium,2001,4.1,Europe
139,Belgium,2002,3.9,Europe
140,Belgium,2003,4.0,Europe
141,Belgium,2004,4.2,Europe
142,Belgium,2005,4.1,Europe
143,Belgium,2006,4.2,Europe
144,Belgium,2007,4.3,Europe
145,Belgium,2008,4.3,Europe
146,Belgium,2009,4.0,Europe
147,Belgium,2010,3.9,Europe
148,Belgium,2011,3.7,Europe
149,Belgium,2012,3.8,Europe
150,Belgium,2013,3.4,Europe
151,Belgium,2014,3.6,Europe
152,Belgium,2015,4.0,Europe
153,Belgium,2016,3.9,Europe
154,Belgium,2017,3.9,Europe
155,Canada,1960,7.3,North America
156,Canada,1961,7.0,North America
157,Canada,1962,7.0,North America
158,Canada,1963,6.9,North America
159,Canada,1964,7.2,North America
160,Canada,1965,7.4,North America
161,Canada,1966,7.8,North America
162,Canada,1967,8.1,North America
163,Canada,1968,8.3,North America
164,Canada,1969,8.7,North America
165,Canada,1970,8.8,North America
166,Canada,1971,8.9,North America
167,Canada,1972,9.2,North America
168,Canada,1973,9.0,North America
169,Canada,1974,8.9,North America
170,Canada,1975,8.7,North America
171,Canada,1976,8.4,North America
172,Canada,1977,8.0,North America
173,Canada,1978,7.9,North America
174,Canada,1979,7.8,North America
175,Canada,1980,7.8,North America
176,Canada,1981,7.7,North America
177,Canada,1982,7.5,North America
178,Canada,1983,7.3,North America
179,Canada,1984,7.2,North America
180,Canada,1985,7.1,North America
181,Canada,1986,6.7,North America
182,Canada,1987,6.9,North America
183,Canada,1988,7.0,North America
184,Canada,1989,7.0,North America
185,Canada,1990,6.8,North America
186,Canada,1991,6.1,North America
187,Canada,1992,5.8,North America
188,Canada,1993,5.6,North America
189,Canada,1994,5.5,North America
190,Canada,1995,5.5,North America
191,Canada,1996,5.3,North America
192,Canada,1997,5.1,North America
193,Canada,1998,5.1,North America
194,Canada,1999,5.1,North America
195,Canada,2000,5.1,North America
196,Canada,2001,4.7,North America
197,Canada,2002,4.7,North America
198,Canada,2003,4.7,North America
199,Canada,2004,4.6,North America
200,Canada,2005,4.6,North America
201,Canada,2006,4.6,North America
202,Canada,2007,4.5,North America
203,Canada,2008,4.4,North America
204,Chile,1970,8.0622,South America
205,Chile,1985,7.5275,South America
206,Chile,1992,6.6,South America
207,Chile,1993,6.7,South America
208,Chile,1994,6.5,South America
209,Chile,1995,6.058,South America
210,Chile,1996,5.8,South America
211,Chile,1997,5.3,South America
212,Chile,1998,5.0,South America
213,Chile,1999,4.6,South America
214,Chile,2000,4.4,South America
215,Chile,2001,4.1,South America
216,Chile,2002,3.9,South America
217,Chile,2003,3.6,South America
218,Chile,2004,3.3,South America
219,Chile,2005,3.3098,South America
220,Chile,2006,3.5389858035,South America
221,Chile,2007,3.4818497616,South America
222,Chile,2008,3.3,South America
223,Chile,2009,3.3,South America
224,Chile,2010,3.5311237242,South America
225,Chile,2011,3.7550040728,South America
226,Chile,2012,3.6535817924872624,South America
227,Chile,2013,3.484997004522397,South America
228,Chile,2014,3.640372827872905,South America
229,Chile,2015,3.4290016881213448,South America
230,Chile,2016,3.43361907980504,South America
231,Czech Republic,1960,7.7,Europe
232,Czech Republic,1961,7.7,Europe
233,Czech Republic,1962,8.0,Europe
234,Czech Republic,1963,8.3,Europe
235,Czech Republic,1964,8.3,Europe
236,Czech Republic,1965,8.4,Europe
237,Czech Republic,1966,8.6,Europe
238,Czech Republic,1967,8.9,Europe
239,Czech Republic,1968,9.0,Europe
240,Czech Republic,1969,9.1,Europe
241,Czech Republic,1970,9.2,Europe
242,Czech Republic,1971,9.3,Europe
243,Czech Republic,1972,9.7,Europe
244,Czech Republic,1973,10.0,Europe
245,Czech Republic,1974,9.8,Europe
246,Czech Republic,1975,9.7,Europe
247,Czech Republic,1976,9.4,Europe
248,Czech Republic,1977,9.1,Europe
249,Czech Republic,1978,8.8,Europe
250,Czech Republic,1979,8.2,Europe
251,Czech Republic,1980,7.6,Europe
252,Czech Republic,1981,7.5,Europe
253,Czech Republic,1982,7.5,Europe
254,Czech Republic,1983,7.8,Europe
255,Czech Republic,1984,7.9,Europe
256,Czech Republic,1985,7.8,Europe
257,Czech Republic,1986,7.9,Europe
258,Czech Republic,1987,8.1,Europe
259,Czech Republic,1988,7.9,Europe
260,Czech Republic,1989,7.8,Europe
261,Czech Republic,1990,8.8,Europe
262,Czech Republic,1991,7.0,Europe
263,Czech Republic,1992,7.2,Europe
264,Czech Republic,1993,6.4,Europe
265,Czech Republic,1994,5.7,Europe
266,Czech Republic,1995,5.3,Europe
267,Czech Republic,1996,5.2,Europe
268,Czech Republic,1997,5.6,Europe
269,Czech Republic,1998,5.3,Europe
270,Czech Republic,1999,5.2,Europe
271,Czech Republic,2000,5.4,Europe
272,Czech Republic,2001,5.1,Europe
273,Czech Republic,2002,5.2,Europe
274,Czech Republic,2003,4.8,Europe
275,Czech Republic,2004,5.0,Europe
276,Czech Republic,2005,5.1,Europe
277,Czech Republic,2006,5.2,Europe
278,Czech Republic,2007,5.5,Europe
279,Czech Republic,2008,5.1,Europe
280,Czech Republic,2009,4.6,Europe
281,Czech Republic,2010,4.5,Europe
282,Czech Republic,2011,4.3,Europe
283,Czech Republic,2012,4.3,Europe
284,Czech Republic,2013,4.1,Europe
285,Czech Republic,2014,4.3,Europe
286,Czech Republic,2015,4.6,Europe
287,Czech Republic,2016,4.8,Europe
288,Czech Republic,2017,5.0,Europe
289,Denmark,1960,7.8,Europe
290,Denmark,1961,7.9,Europe
291,Denmark,1962,8.1,Europe
292,Denmark,1963,8.2,Europe
293,Denmark,1964,8.4,Europe
294,Denmark,1965,8.8,Europe
295,Denmark,1966,8.6,Europe
296,Denmark,1967,8.5,Europe
297,Denmark,1968,8.1,Europe
298,Denmark,1969,8.0,Europe
299,Denmark,1970,7.4,Europe
300,Denmark,1971,6.6,Europe
301,Denmark,1972,6.2,Europe
302,Denmark,1973,6.1,Europe
303,Denmark,1974,6.6,Europe
304,Denmark,1975,6.3,Europe
305,Denmark,1976,6.1,Europe
306,Denmark,1977,6.3,Europe
307,Denmark,1978,5.6,Europe
308,Denmark,1979,5.4,Europe
309,Denmark,1980,5.2,Europe
310,Denmark,1981,5.0,Europe
311,Denmark,1982,4.8,Europe
312,Denmark,1983,5.3,Europe
313,Denmark,1984,5.6,Europe
314,Denmark,1985,5.7,Europe
315,Denmark,1986,6.0,Europe
316,Denmark,1987,6.1,Europe
317,Denmark,1988,6.3,Europe
318,Denmark,1989,6.0,Europe
319,Denmark,1990,6.1,Europe
320,Denmark,1991,6.0,Europe
321,Denmark,1992,6.2,Europe
322,Denmark,1993,6.1,Europe
323,Denmark,1994,6.8,Europe
324,Denmark,1995,6.6,Europe
325,Denmark,1996,6.8,Europe
326,Denmark,1997,6.5,Europe
327,Denmark,1998,6.5,Europe
328,Denmark,1999,6.7,Europe
329,Denmark,2000,7.2,Europe
330,Denmark,2001,6.8,Europe
331,Denmark,2002,6.9,Europe
332,Denmark,2003,6.5,Europe
333,Denmark,2004,7.0,Europe
334,Denmark,2005,6.7,Europe
335,Denmark,2006,6.7,Europe
336,Denmark,2007,6.7,Europe
337,Denmark,2008,6.8,Europe
338,Denmark,2009,6.0,Europe
339,Denmark,2010,5.6,Europe
340,Denmark,2011,4.9,Europe
341,Denmark,2012,5.1,Europe
342,Denmark,2013,4.9,Europe
343,Denmark,2014,5.0,Europe
344,Denmark,2015,5.1,Europe
345,Denmark,2016,5.4,Europe
346,Denmark,2017,5.5,Europe
347,Estonia,1960,10.0,Europe
348,Estonia,1961,9.7,Europe
349,Estonia,1962,8.9,Europe
350,Estonia,1963,8.7,Europe
351,Estonia,1964,8.5,Europe
352,Estonia,1965,8.2,Europe
353,Estonia,1966,8.6,Europe
354,Estonia,1967,8.8,Europe
355,Estonia,1968,8.9,Europe
356,Estonia,1969,9.1,Europe
357,Estonia,1970,9.1,Europe
358,Estonia,1971,9.1,Europe
359,Estonia,1972,8.5,Europe
360,Estonia,1973,8.7,Europe
361,Estonia,1974,8.7,Europe
362,Estonia,1975,8.7,Europe
363,Estonia,1976,8.6,Europe
364,Estonia,1977,8.7,Europe
365,Estonia,1978,8.6,Europe
366,Estonia,1979,8.7,Europe
367,Estonia,1980,8.8,Europe
368,Estonia,1981,8.6,Europe
369,Estonia,1982,8.2,Europe
370,Estonia,1983,8.6,Europe
371,Estonia,1984,8.3,Europe
372,Estonia,1985,8.4,Europe
373,Estonia,1986,8.4,Europe
374,Estonia,1987,8.7,Europe
375,Estonia,1988,8.3,Europe
376,Estonia,1989,8.1,Europe
377,Estonia,1990,7.5,Europe
378,Estonia,1991,6.6,Europe
379,Estonia,1992,5.8,Europe
380,Estonia,1993,5.2,Europe
381,Estonia,1994,5.0,Europe
382,Estonia,1995,4.9,Europe
383,Estonia,1996,3.9,Europe
384,Estonia,1997,4.0,Europe
385,Estonia,1998,3.9,Europe
386,Estonia,1999,4.0,Europe
387,Estonia,2000,3.9,Europe
388,Estonia,2001,4.1,Europe
389,Estonia,2002,4.2,Europe
390,Estonia,2003,4.2,Europe
391,Estonia,2004,4.4,Europe
392,Estonia,2005,4.5,Europe
393,Estonia,2006,5.2,Europe
394,Estonia,2007,5.2,Europe
395,Estonia,2008,4.6,Europe
396,Estonia,2009,4.0,Europe
397,Estonia,2010,3.8,Europe
398,Estonia,2011,4.1,Europe
399,Estonia,2012,4.5,Europe
400,Estonia,2013,4.3,Europe
401,Estonia,2014,4.7,Europe
402,Estonia,2015,5.2,Europe
403,Estonia,2016,4.8,Europe
404,Estonia,2017,4.9,Europe
405,Finland,1960,7.4,Europe
406,Finland,1961,7.7,Europe
407,Finland,1962,7.6,Europe
408,Finland,1963,7.4,Europe
409,Finland,1964,7.6,Europe
410,Finland,1965,7.9,Europe
411,Finland,1966,8.4,Europe
412,Finland,1967,9.0,Europe
413,Finland,1968,8.7,Europe
414,Finland,1969,8.8,Europe
415,Finland,1970,8.8,Europe
416,Finland,1971,8.2,Europe
417,Finland,1972,7.6,Europe
418,Finland,1973,7.5,Europe
419,Finland,1974,7.4,Europe
420,Finland,1975,6.7,Europe
421,Finland,1976,6.8,Europe
422,Finland,1977,6.5,Europe
423,Finland,1978,6.3,Europe
424,Finland,1979,6.1,Europe
425,Finland,1980,6.1,Europe
426,Finland,1981,6.3,Europe
427,Finland,1982,6.3,Europe
428,Finland,1983,6.1,Europe
429,Finland,1984,5.8,Europe
430,Finland,1985,5.3,Europe
431,Finland,1986,5.2,Europe
432,Finland,1987,5.3,Europe
433,Finland,1988,5.2,Europe
434,Finland,1989,4.9,Europe
435,Finland,1990,5.0,Europe
436,Finland,1991,4.9,Europe
437,Finland,1992,4.7,Europe
438,Finland,1993,4.9,Europe
439,Finland,1994,4.9,Europe
440,Finland,1995,4.6,Europe
441,Finland,1997,4.6,Europe
442,Finland,1998,4.7,Europe
443,Finland,1999,4.7,Europe
444,Finland,2000,5.1,Europe
445,Finland,2001,4.8,Europe
446,Finland,2002,5.2,Europe
447,Finland,2003,5.0,Europe
448,Finland,2004,5.6,Europe
449,Finland,2005,5.6,Europe
450,Finland,2006,5.4,Europe
451,Finland,2007,5.6,Europe
452,Finland,2008,5.8,Europe
453,Finland,2009,5.6,Europe
454,Finland,2010,5.6,Europe
455,Finland,2011,5.3,Europe
456,Finland,2012,5.3,Europe
457,Finland,2013,4.6,Europe
458,Finland,2014,4.5,Europe
459,Finland,2015,4.5,Europe
460,Finland,2016,4.5,Europe
461,Finland,2017,4.8,Europe
462,France,1994,4.4,Europe
463,France,1995,4.4,Europe
464,France,1996,4.8,Europe
465,France,1997,4.9,Europe
466,France,1998,4.6,Europe
467,France,1999,4.9,Europe
468,France,2000,5.0,Europe
469,France,2001,4.8,Europe
470,France,2002,4.6,Europe
471,France,2003,4.6,Europe
472,France,2004,4.5,Europe
473,France,2005,4.5,Europe
474,France,2006,4.3,Europe
475,France,2007,4.3,Europe
476,France,2008,4.1,Europe
477,France,2009,3.9,Europe
478,France,2010,3.9,Europe
479,France,2011,3.6,Europe
480,France,2012,3.7,Europe
481,France,2013,3.6,Europe
482,France,2014,3.6,Europe
483,France,2015,3.6,Europe
484,France,2016,3.5,Europe
485,France,2017,3.5,Europe
486,Germany,1960,9.5,Europe
487,Germany,1961,9.5,Europe
488,Germany,1962,9.4,Europe
489,Germany,1963,8.8,Europe
490,Germany,1964,8.5,Europe
491,Germany,1965,8.2,Europe
492,Germany,1966,7.9,Europe
493,Germany,1967,7.8,Europe
494,Germany,1968,7.3,Europe
495,Germany,1969,7.3,Europe
496,Germany,1970,7.4,Europe
497,Germany,1971,7.2,Europe
498,Germany,1972,7.0,Europe
499,Germany,1973,6.7,Europe
500,Germany,1974,6.5,Europe
501,Germany,1975,6.7,Europe
502,Germany,1976,6.5,Europe
503,Germany,1977,6.5,Europe
504,Germany,1978,6.0,Europe
505,Germany,1979,6.2,Europe
506,Germany,1980,6.3,Europe
507,Germany,1981,6.2,Europe
508,Germany,1982,6.2,Europe
509,Germany,1983,6.3,Europe
510,Germany,1984,6.4,Europe
511,Germany,1985,6.4,Europe
512,Germany,1986,6.6,Europe
513,Germany,1987,6.7,Europe
514,Germany,1988,6.8,Europe
515,Germany,1989,6.7,Europe
516,Germany,1990,6.5,Europe
517,Germany,1991,5.7,Europe
518,Germany,1992,5.6,Europe
519,Germany,1993,5.5,Europe
520,Germany,1994,5.4,Europe
521,Germany,1995,5.3,Europe
522,Germany,1996,5.2,Europe
523,Germany,1997,5.2,Europe
524,Germany,1998,5.1,Europe
525,Germany,1999,5.2,Europe
526,Germany,2000,5.1,Europe
527,Germany,2001,4.7,Europe
528,Germany,2002,4.6,Europe
529,Germany,2003,4.6,Europe
530,Germany,2004,4.8,Europe
531,Germany,2005,4.7,Europe
532,Germany,2006,4.5,Europe
533,Germany,2007,4.5,Europe
534,Germany,2008,4.6,Europe
535,Germany,2009,4.6,Europe
536,Germany,2010,4.7,Europe
537,Germany,2011,4.6,Europe
538,Germany,2012,4.8,Europe
539,Germany,2013,4.6,Europe
540,Germany,2014,4.8,Europe
541,Germany,2015,4.9,Europe
542,Germany,2016,5.0,Europe
543,Germany,2017,4.9,Europe
544,Greece,1960,7.0,Europe
545,Greece,1961,8.4,Europe
546,Greece,1962,8.4,Europe
547,Greece,1963,9.2,Europe
548,Greece,1964,8.9,Europe
549,Greece,1965,9.4,Europe
550,Greece,1966,8.3,Europe
551,Greece,1967,9.4,Europe
552,Greece,1968,7.5,Europe
553,Greece,1969,8.3,Europe
554,Greece,1970,7.7,Europe
555,Greece,1971,8.3,Europe
556,Greece,1972,6.8,Europe
557,Greece,1973,8.3,Europe
558,Greece,1974,7.6,Europe
559,Greece,1975,8.5,Europe
560,Greece,1976,6.9,Europe
561,Greece,1977,8.2,Europe
562,Greece,1978,7.7,Europe
563,Greece,1979,8.3,Europe
564,Greece,1980,6.5,Europe
565,Greece,1981,7.3,Europe
566,Greece,1982,6.9,Europe
567,Greece,1983,7.2,Europe
568,Greece,1984,5.5,Europe
569,Greece,1985,6.4,Europe
570,Greece,1986,5.8,Europe
571,Greece,1987,6.6,Europe
572,Greece,1988,4.8,Europe
573,Greece,1989,6.1,Europe
574,Greece,1990,5.8,Europe
575,Greece,1991,6.4,Europe
576,Greece,1992,4.7,Europe
577,Greece,1993,5.9,Europe
578,Greece,1994,5.4,Europe
579,Greece,1995,6.1,Europe
580,Greece,1996,4.3,Europe
581,Greece,1997,5.6,Europe
582,Greece,1998,5.1,Europe
583,Greece,1999,5.6,Europe
584,Greece,2000,4.5,Europe
585,Greece,2001,5.3,Europe
586,Greece,2002,5.3,Europe
587,Greece,2003,5.5,Europe
588,Greece,2004,4.6,Europe
589,Greece,2005,5.5,Europe
590,Greece,2006,5.2,Europe
591,Greece,2007,5.5,Europe
592,Greece,2008,4.8,Europe
593,Greece,2009,5.3,Europe
594,Greece,2010,5.1,Europe
595,Greece,2011,5.0,Europe
596,Greece,2012,4.5,Europe
597,Greece,2013,4.7,Europe
598,Greece,2014,4.9,Europe
599,Greece,2015,5.0,Europe
600,Greece,2016,4.6,Europe
601,Greece,2017,4.7,Europe
602,Hungary,1960,8.9,Europe
603,Hungary,1961,8.3,Europe
604,Hungary,1962,8.1,Europe
605,Hungary,1963,8.4,Europe
606,Hungary,1964,8.7,Europe
607,Hungary,1965,8.8,Europe
608,Hungary,1966,9.2,Europe
609,Hungary,1967,9.4,Europe
610,Hungary,1968,9.3,Europe
611,Hungary,1969,9.3,Europe
612,Hungary,1970,9.3,Europe
613,Hungary,1971,9.1,Europe
614,Hungary,1972,9.4,Europe
615,Hungary,1973,9.7,Europe
616,Hungary,1974,9.5,Europe
617,Hungary,1975,9.8,Europe
618,Hungary,1976,9.5,Europe
619,Hungary,1977,9.1,Europe
620,Hungary,1978,8.7,Europe
621,Hungary,1979,8.1,Europe
622,Hungary,1980,7.5,Europe
623,Hungary,1981,7.2,Europe
624,Hungary,1982,7.1,Europe
625,Hungary,1983,7.1,Europe
626,Hungary,1984,7.0,Europe
627,Hungary,1985,6.9,Europe
628,Hungary,1986,6.8,Europe
629,Hungary,1987,6.2,Europe
630,Hungary,1988,6.2,Europe
631,Hungary,1989,6.4,Europe
632,Hungary,1990,6.4,Europe
633,Hungary,1991,5.9,Europe
634,Hungary,1992,5.5,Europe
635,Hungary,1993,5.2,Europe
636,Hungary,1994,5.2,Europe
637,Hungary,1995,5.2,Europe
638,Hungary,1996,4.7,Europe
639,Hungary,1997,4.6,Europe
640,Hungary,1998,4.4,Europe
641,Hungary,1999,4.4,Europe
642,Hungary,2000,4.7,Europe
643,Hungary,2001,4.3,Europe
644,Hungary,2002,4.5,Europe
645,Hungary,2003,4.5,Europe
646,Hungary,2004,4.3,Europe
647,Hungary,2005,4.4,Europe
648,Hungary,2006,4.4,Europe
649,Hungary,2007,4.1,Europe
650,Hungary,2008,4.0,Europe
651,Hungary,2009,3.7,Europe
652,Hungary,2010,3.6,Europe
653,Hungary,2011,3.6,Europe
654,Hungary,2012,3.6,Europe
655,Hungary,2013,3.7,Europe
656,Hungary,2014,3.9,Europe
657,Hungary,2015,4.7,Europe
658,Hungary,2016,5.3,Europe
659,Hungary,2017,5.2,Europe
660,Iceland,1960,7.5,Europe
661,Iceland,1961,7.5,Europe
662,Iceland,1962,7.4,Europe
663,Iceland,1963,7.8,Europe
664,Iceland,1964,8.3,Europe
665,Iceland,1965,8.1,Europe
666,Iceland,1966,7.9,Europe
667,Iceland,1967,8.6,Europe
668,Iceland,1968,8.4,Europe
669,Iceland,1969,8.5,Europe
670,Iceland,1970,7.8,Europe
671,Iceland,1971,7.9,Europe
672,Iceland,1972,8.1,Europe
673,Iceland,1973,8.3,Europe
674,Iceland,1974,8.8,Europe
675,Iceland,1975,7.7,Europe
676,Iceland,1976,7.5,Europe
677,Iceland,1977,7.1,Europe
678,Iceland,1978,7.1,Europe
679,Iceland,1979,6.4,Europe
680,Iceland,1980,5.7,Europe
681,Iceland,1981,5.9,Europe
682,Iceland,1982,5.6,Europe
683,Iceland,1983,5.9,Europe
684,Iceland,1984,5.9,Europe
685,Iceland,1985,5.2,Europe
686,Iceland,1986,5.1,Europe
687,Iceland,1987,4.7,Europe
688,Iceland,1988,5.2,Europe
689,Iceland,1989,4.7,Europe
690,Iceland,1990,4.5,Europe
691,Iceland,1991,4.8,Europe
692,Iceland,1992,4.8,Europe
693,Iceland,1993,4.6,Europe
694,Iceland,1994,4.9,Europe
695,Iceland,1995,4.6,Europe
696,Iceland,1996,5.0,Europe
697,Iceland,1997,5.5,Europe
698,Iceland,1998,5.6,Europe
699,Iceland,1999,5.6,Europe
700,Iceland,2000,6.3,Europe
701,Iceland,2001,5.2,Europe
702,Iceland,2002,5.6,Europe
703,Iceland,2003,5.1,Europe
704,Iceland,2004,5.0,Europe
705,Iceland,2005,5.4,Europe
706,Iceland,2006,5.5,Europe
707,Iceland,2007,5.5,Europe
708,Iceland,2008,5.2,Europe
709,Iceland,2009,4.6,Europe
710,Iceland,2010,4.9,Europe
711,Iceland,2011,4.6,Europe
712,Ireland,1960,5.5,Europe
713,Ireland,1961,5.4,Europe
714,Ireland,1962,5.5,Europe
715,Ireland,1963,5.5,Europe
716,Ireland,1964,5.6,Europe
717,Ireland,1965,5.9,Europe
718,Ireland,1966,5.8,Europe
719,Ireland,1967,6.1,Europe
720,Ireland,1968,6.5,Europe
721,Ireland,1969,6.9,Europe
722,Ireland,1970,7.0,Europe
723,Ireland,1971,7.4,Europe
724,Ireland,1972,7.3,Europe
725,Ireland,1973,7.4,Europe
726,Ireland,1974,7.3,Europe
727,Ireland,1975,6.7,Europe
728,Ireland,1976,6.4,Europe
729,Ireland,1977,6.1,Europe
730,Ireland,1978,6.4,Europe
731,Ireland,1979,6.2,Europe
732,Ireland,1980,6.4,Europe
733,Ireland,1981,6.0,Europe
734,Ireland,1982,5.8,Europe
735,Ireland,1983,5.5,Europe
736,Ireland,1984,5.2,Europe
737,Ireland,1985,5.3,Europe
738,Ireland,1986,5.2,Europe
739,Ireland,1987,5.2,Europe
740,Ireland,1988,5.2,Europe
741,Ireland,1989,5.2,Europe
742,Ireland,1990,5.1,Europe
743,Ireland,1991,4.9,Europe
744,Ireland,1992,4.7,Europe
745,Ireland,1993,4.7,Europe
746,Ireland,1994,4.6,Europe
747,Ireland,1995,4.3,Europe
748,Ireland,1996,4.4,Europe
749,Ireland,1997,4.3,Europe
750,Ireland,1998,4.5,Europe
751,Ireland,1999,4.9,Europe
752,Ireland,2000,5.0,Europe
753,Ireland,2001,5.0,Europe
754,Ireland,2002,5.2,Europe
755,Ireland,2003,5.1,Europe
756,Ireland,2004,5.2,Europe
757,Ireland,2005,5.1,Europe
758,Ireland,2006,5.2,Europe
759,Ireland,2007,5.2,Europe
760,Ireland,2008,4.9,Europe
761,Ireland,2009,4.8,Europe
762,Ireland,2010,4.5,Europe
763,Ireland,2011,4.3,Europe
764,Ireland,2012,4.5,Europe
765,Ireland,2013,4.5,Europe
766,Ireland,2014,4.7,Europe
767,Ireland,2015,4.7,Europe
768,Ireland,2016,4.8,Europe
769,Ireland,2017,4.6,Europe
770,Israel,1970,8.9418,Asia
771,Israel,1985,6.9,Asia
772,Israel,1986,7.0,Asia
773,Israel,1987,6.9,Asia
774,Israel,1988,7.0,Asia
775,Israel,1989,7.1,Asia
776,Israel,1990,6.8,Asia
777,Israel,1991,6.5,Asia
778,Israel,1992,6.4,Asia
779,Israel,1993,6.6,Asia
780,Israel,1994,6.7,Asia
781,Israel,1995,6.5,Asia
782,Israel,1996,6.3,Asia
783,Israel,1997,6.5,Asia
784,Israel,1998,6.7,Asia
785,Israel,1999,6.6,Asia
786,Israel,2000,6.4,Asia
787,Israel,2001,6.3,Asia
788,Israel,2002,6.2,Asia
789,Israel,2003,6.1,Asia
790,Israel,2004,5.9,Asia
791,Israel,2005,5.9,Asia
792,Israel,2006,6.3,Asia
793,Israel,2007,6.5,Asia
794,Israel,2008,6.8,Asia
795,Israel,2009,6.5,Asia
796,Israel,2010,6.3,Asia
797,Israel,2011,6.6,Asia
798,Israel,2012,6.4,Asia
799,Israel,2013,6.5,Asia
800,Israel,2014,6.2,Asia
801,Israel,2015,6.4,Asia
802,Israel,2016,6.2,Asia
803,Italy,1960,7.7,Europe
804,Italy,1961,7.9,Europe
805,Italy,1962,8.0,Europe
806,Italy,1963,8.2,Europe
807,Italy,1964,8.1,Europe
808,Italy,1965,7.7,Europe
809,Italy,1966,7.3,Europe
810,Italy,1967,7.2,Europe
811,Italy,1968,7.0,Europe
812,Italy,1969,7.2,Europe
813,Italy,1970,7.3,Europe
814,Italy,1971,7.5,Europe
815,Italy,1972,7.7,Europe
816,Italy,1973,7.6,Europe
817,Italy,1974,7.3,Europe
818,Italy,1975,6.7,Europe
819,Italy,1976,6.4,Europe
820,Italy,1977,6.2,Europe
821,Italy,1978,5.9,Europe
822,Italy,1979,5.8,Europe
823,Italy,1980,5.7,Europe
824,Italy,1981,5.6,Europe
825,Italy,1982,5.5,Europe
826,Italy,1983,5.4,Europe
827,Italy,1984,5.3,Europe
828,Italy,1985,5.3,Europe
829,Italy,1986,5.3,Europe
830,Italy,1987,5.4,Europe
831,Italy,1988,5.6,Europe
832,Italy,1989,5.7,Europe
833,Italy,1990,5.6,Europe
834,Italy,1991,5.5,Europe
835,Italy,1992,5.5,Europe
836,Italy,1993,5.3,Europe
837,Italy,1994,5.1,Europe
838,Italy,1995,5.1,Europe
839,Italy,1996,4.9,Europe
840,Italy,1997,4.9,Europe
841,Italy,1998,4.9,Europe
842,Italy,1999,4.9,Europe
843,Italy,2000,5.0,Europe
844,Italy,2001,4.6,Europe
845,Italy,2002,4.7,Europe
846,Italy,2003,4.6,Europe
847,Italy,2004,4.3,Europe
848,Italy,2005,4.3,Europe
849,Italy,2006,4.2,Europe
850,Italy,2007,4.3,Europe
851,Italy,2008,4.2,Europe
852,Italy,2009,3.9,Europe
853,Italy,2010,3.7,Europe
854,Italy,2011,3.4,Europe
855,Italy,2012,3.5,Europe
856,Italy,2013,3.2,Europe
857,Italy,2014,3.1,Europe
858,Italy,2015,3.2,Europe
859,Italy,2016,3.4,Europe
860,Italy,2017,3.2,Europe
861,Japan,1960,9.3,Asia
862,Japan,1963,9.7,Asia
863,Japan,1964,9.9,Asia
864,Japan,1965,9.7,Asia
865,Japan,1966,9.5,Asia
866,Japan,1967,9.6,Asia
867,Japan,1968,9.5,Asia
868,Japan,1969,9.6,Asia
869,Japan,1970,10.0,Asia
870,Japan,1971,10.5,Asia
871,Japan,1972,10.4,Asia
872,Japan,1973,9.9,Asia
873,Japan,1974,9.1,Asia
874,Japan,1975,8.5,Asia
875,Japan,1976,7.8,Asia
876,Japan,1977,7.2,Asia
877,Japan,1978,6.9,Asia
878,Japan,1979,6.8,Asia
879,Japan,1980,6.7,Asia
880,Japan,1981,6.6,Asia
881,Japan,1982,6.6,Asia
882,Japan,1983,6.4,Asia
883,Japan,1984,6.2,Asia
884,Japan,1985,6.1,Asia
885,Japan,1986,5.9,Asia
886,Japan,1987,5.7,Asia
887,Japan,1988,5.8,Asia
888,Japan,1989,5.8,Asia
889,Japan,1990,5.9,Asia
890,Japan,1991,6.0,Asia
891,Japan,1992,6.1,Asia
892,Japan,1993,6.4,Asia
893,Japan,1994,6.3,Asia
894,Japan,1995,6.4,Asia
895,Japan,1996,6.4,Asia
896,Japan,1997,6.2,Asia
897,Japan,1998,6.3,Asia
898,Japan,1999,6.1,Asia
899,Japan,2000,6.4,Asia
900,Japan,2001,6.4,Asia
901,Japan,2002,6.0,Asia
902,Japan,2003,5.9,Asia
903,Japan,2004,5.7,Asia
904,Japan,2005,5.7,Asia
905,Japan,2006,5.8,Asia
906,Japan,2007,5.7,Asia
907,Japan,2008,5.8,Asia
908,Japan,2009,5.6,Asia
909,Japan,2010,5.5,Asia
910,Japan,2011,5.2,Asia
911,Japan,2012,5.3,Asia
912,Japan,2013,5.3,Asia
913,Japan,2014,5.1,Asia
914,Japan,2015,5.1,Asia
915,Japan,2016,5.0,Asia
916,Japan,2017,4.9,Asia
917,Korea,1970,9.2,Asia
918,Korea,1971,7.3,Asia
919,Korea,1972,7.3,Asia
920,Korea,1973,7.6,Asia
921,Korea,1974,7.5,Asia
922,Korea,1975,8.0,Asia
923,Korea,1976,8.0,Asia
924,Korea,1977,8.3,Asia
925,Korea,1978,9.3,Asia
926,Korea,1979,9.4,Asia
927,Korea,1980,10.6,Asia
928,Korea,1981,10.5,Asia
929,Korea,1982,9.9,Asia
930,Korea,1983,10.3,Asia
931,Korea,1984,9.5,Asia
932,Korea,1985,9.4,Asia
933,Korea,1986,9.5,Asia
934,Korea,1987,9.4,Asia
935,Korea,1988,9.8,Asia
936,Korea,1989,9.7,Asia
937,Korea,1990,9.3,Asia
938,Korea,1991,9.6,Asia
939,Korea,1992,9.6,Asia
940,Korea,1993,9.0,Asia
941,Korea,1994,8.7,Asia
942,Korea,1995,8.7,Asia
943,Korea,1996,9.4,Asia
944,Korea,1997,8.4,Asia
945,Korea,1998,8.0,Asia
946,Korea,1999,7.6,Asia
947,Korea,2000,7.0,Asia
948,Korea,2001,6.7,Asia
949,Korea,2002,6.3,Asia
950,Korea,2003,6.3,Asia
951,Korea,2004,6.4,Asia
952,Korea,2005,6.5,Asia
953,Korea,2006,6.8,Asia
954,Korea,2007,7.0,Asia
955,Korea,2008,6.6,Asia
956,Korea,2009,6.2,Asia
957,Korea,2010,6.5,Asia
958,Korea,2011,6.6,Asia
959,Korea,2012,6.5,Asia
960,Korea,2013,6.4,Asia
961,Korea,2014,6.0,Asia
962,Korea,2015,5.9,Asia
963,Korea,2016,5.5,Asia
964,Korea,2017,5.2,Asia
965,Latvia,1960,11.0,Europe
966,Latvia,1961,10.5,Europe
967,Latvia,1962,10.0,Europe
968,Latvia,1963,9.5,Europe
969,Latvia,1964,8.6,Europe
970,Latvia,1965,8.8,Europe
971,Latvia,1966,9.8,Europe
972,Latvia,1967,9.9,Europe
973,Latvia,1968,10.2,Europe
974,Latvia,1969,10.0,Europe
975,Latvia,1970,10.2,Europe
976,Latvia,1971,10.0,Europe
977,Latvia,1972,9.4,Europe
978,Latvia,1973,9.8,Europe
979,Latvia,1974,10.0,Europe
980,Latvia,1975,10.0,Europe
981,Latvia,1976,9.6,Europe
982,Latvia,1977,10.0,Europe
983,Latvia,1978,10.2,Europe
984,Latvia,1979,10.0,Europe
985,Latvia,1980,9.8,Europe
986,Latvia,1981,9.8,Europe
987,Latvia,1982,9.7,Europe
988,Latvia,1983,9.5,Europe
989,Latvia,1984,9.2,Europe
990,Latvia,1985,9.3,Europe
991,Latvia,1986,9.7,Europe
992,Latvia,1987,9.7,Europe
993,Latvia,1988,9.5,Europe
994,Latvia,1989,9.2,Europe
995,Latvia,1990,8.9,Europe
996,Latvia,1991,8.4,Europe
997,Latvia,1992,7.2,Europe
998,Latvia,1993,5.7,Europe
999,Latvia,1994,4.6,Europe
1000,Latvia,1995,4.5,Europe
1001,Latvia,1996,3.9,Europe
1002,Latvia,1997,4.0,Europe
1003,Latvia,1998,4.0,Europe
1004,Latvia,1999,3.9,Europe
1005,Latvia,2000,3.9,Europe
1006,Latvia,2001,4.0,Europe
1007,Latvia,2002,4.2,Europe
1008,Latvia,2003,4.4,Europe
1009,Latvia,2004,4.6,Europe
1010,Latvia,2005,5.6,Europe
1011,Latvia,2006,6.6,Europe
1012,Latvia,2007,7.0,Europe
1013,Latvia,2008,5.9,Europe
1014,Latvia,2009,4.6,Europe
1015,Latvia,2010,4.4,Europe
1016,Latvia,2011,5.2,Europe
1017,Latvia,2012,5.5,Europe
1018,Latvia,2013,5.7,Europe
1019,Latvia,2014,6.3,Europe
1020,Latvia,2015,6.9,Europe
1021,Latvia,2016,6.6,Europe
1022,Latvia,2017,6.8,Europe
1023,Lithuania,1960,10.1,Europe
1024,Lithuania,1961,9.9,Europe
1025,Lithuania,1962,9.3,Europe
1026,Lithuania,1963,8.7,Europe
1027,Lithuania,1964,8.6,Europe
1028,Lithuania,1965,8.4,Europe
1029,Lithuania,1966,9.2,Europe
1030,Lithuania,1967,9.2,Europe
1031,Lithuania,1968,9.5,Europe
1032,Lithuania,1969,9.7,Europe
1033,Lithuania,1970,9.5,Europe
1034,Lithuania,1971,9.2,Europe
1035,Lithuania,1972,8.8,Europe
1036,Lithuania,1973,8.8,Europe
1037,Lithuania,1974,8.8,Europe
1038,Lithuania,1975,9.0,Europe
1039,Lithuania,1976,9.0,Europe
1040,Lithuania,1977,9.2,Europe
1041,Lithuania,1978,9.1,Europe
1042,Lithuania,1979,9.4,Europe
1043,Lithuania,1980,9.2,Europe
1044,Lithuania,1981,9.1,Europe
1045,Lithuania,1982,9.4,Europe
1046,Lithuania,1983,9.6,Europe
1047,Lithuania,1984,9.7,Europe
1048,Lithuania,1985,9.7,Europe
1049,Lithuania,1986,9.9,Europe
1050,Lithuania,1987,9.7,Europe
1051,Lithuania,1988,9.6,Europe
1052,Lithuania,1989,9.4,Europe
1053,Lithuania,1990,9.8,Europe
1054,Lithuania,1991,9.2,Europe
1055,Lithuania,1992,8.1,Europe
1056,Lithuania,1993,6.4,Europe
1057,Lithuania,1994,6.4,Europe
1058,Lithuania,1995,6.1,Europe
1059,Lithuania,1996,5.7,Europe
1060,Lithuania,1997,5.3,Europe
1061,Lithuania,1998,5.2,Europe
1062,Lithuania,1999,5.1,Europe
1063,Lithuania,2000,4.8,Europe
1064,Lithuania,2001,4.5,Europe
1065,Lithuania,2002,4.7,Europe
1066,Lithuania,2003,5.0,Europe
1067,Lithuania,2004,5.7,Europe
1068,Lithuania,2005,6.0,Europe
1069,Lithuania,2006,6.5,Europe
1070,Lithuania,2007,7.1,Europe
1071,Lithuania,2008,7.5,Europe
1072,Lithuania,2009,6.5,Europe
1073,Lithuania,2010,6.0,Europe
1074,Lithuania,2011,6.3,Europe
1075,Lithuania,2012,6.9,Europe
1076,Lithuania,2013,6.9,Europe
1077,Lithuania,2014,7.6,Europe
1078,Lithuania,2015,7.6,Europe
1079,Lithuania,2016,7.4,Europe
1080,Lithuania,2017,7.5,Europe
1081,Luxembourg,1960,7.1,Europe
1082,Luxembourg,1961,7.0,Europe
1083,Luxembourg,1962,6.7,Europe
1084,Luxembourg,1963,6.6,Europe
1085,Luxembourg,1964,6.6,Europe
1086,Luxembourg,1965,6.6,Europe
1087,Luxembourg,1966,6.6,Europe
1088,Luxembourg,1967,6.4,Europe
1089,Luxembourg,1968,6.5,Europe
1090,Luxembourg,1969,6.6,Europe
1091,Luxembourg,1970,6.4,Europe
1092,Luxembourg,1971,6.5,Europe
1093,Luxembourg,1972,6.6,Europe
1094,Luxembourg,1973,5.9,Europe
1095,Luxembourg,1974,6.2,Europe
1096,Luxembourg,1975,6.8,Europe
1097,Luxembourg,1976,6.2,Europe
1098,Luxembourg,1977,6.2,Europe
1099,Luxembourg,1978,5.9,Europe
1100,Luxembourg,1979,5.7,Europe
1101,Luxembourg,1980,5.9,Europe
1102,Luxembourg,1981,5.4,Europe
1103,Luxembourg,1982,5.7,Europe
1104,Luxembourg,1983,5.4,Europe
1105,Luxembourg,1984,5.4,Europe
1106,Luxembourg,1985,5.4,Europe
1107,Luxembourg,1986,5.1,Europe
1108,Luxembourg,1987,5.3,Europe
1109,Luxembourg,1988,5.6,Europe
1110,Luxembourg,1989,5.8,Europe
1111,Luxembourg,1990,6.1,Europe
1112,Luxembourg,1991,6.7,Europe
1113,Luxembourg,1992,6.4,Europe
1114,Luxembourg,1993,6.0,Europe
1115,Luxembourg,1994,5.8,Europe
1116,Luxembourg,1995,5.1,Europe
1117,Luxembourg,1996,5.1,Europe
1118,Luxembourg,1997,4.8,Europe
1119,Luxembourg,1998,4.8,Europe
1120,Luxembourg,1999,4.9,Europe
1121,Luxembourg,2000,4.9,Europe
1122,Luxembourg,2001,4.5,Europe
1123,Luxembourg,2002,4.5,Europe
1124,Luxembourg,2003,4.4,Europe
1125,Luxembourg,2004,4.4,Europe
1126,Luxembourg,2005,4.4,Europe
1127,Luxembourg,2006,4.1,Europe
1128,Luxembourg,2007,4.1,Europe
1129,Luxembourg,2008,3.9,Europe
1130,Luxembourg,2009,3.5,Europe
1131,Luxembourg,2010,3.5,Europe
1132,Luxembourg,2011,3.3,Europe
1133,Luxembourg,2012,3.4,Europe
1134,Luxembourg,2013,3.2,Europe
1135,Luxembourg,2014,3.0,Europe
1136,Luxembourg,2015,3.6,Europe
1137,Luxembourg,2016,3.2,Europe
1138,Luxembourg,2017,3.2,Europe
1139,Mexico,1970,7.0,North America
1140,Mexico,1980,7.1,North America
1141,Mexico,1985,7.4083,North America
1142,Mexico,1990,7.4,North America
1143,Mexico,1991,7.4,North America
1144,Mexico,1992,7.4,North America
1145,Mexico,1993,7.2,North America
1146,Mexico,1994,7.2,North America
1147,Mexico,1995,7.0,North America
1148,Mexico,1996,7.0,North America
1149,Mexico,1997,7.3,North America
1150,Mexico,1998,7.2,North America
1151,Mexico,1999,7.5,North America
1152,Mexico,2000,7.0,North America
1153,Mexico,2001,6.5,North America
1154,Mexico,2002,6.0,North America
1155,Mexico,2003,5.6,North America
1156,Mexico,2004,5.7,North America
1157,Mexico,2005,5.6,North America
1158,Mexico,2006,5.4,North America
1159,Mexico,2007,5.4,North America
1160,Mexico,2008,5.3,North America
1161,Mexico,2009,5.0,North America
1162,Mexico,2010,5.0,North America
1163,Mexico,2011,4.9,North America
1164,Mexico,2012,5.0,North America
1165,Mexico,2013,4.9,North America
1166,Mexico,2014,4.8,North America
1167,Mexico,2015,4.6,North America
1168,Mexico,2016,4.4,North America
1169,Mexico,2017,4.3,North America
1170,Netherlands,1960,7.7,Europe
1171,Netherlands,1961,7.9,Europe
1172,Netherlands,1962,7.9,Europe
1173,Netherlands,1963,7.9,Europe
1174,Netherlands,1964,8.5,Europe
1175,Netherlands,1965,8.8,Europe
1176,Netherlands,1966,9.0,Europe
1177,Netherlands,1967,9.1,Europe
1178,Netherlands,1968,9.2,Europe
1179,Netherlands,1969,9.1,Europe
1180,Netherlands,1970,9.5,Europe
1181,Netherlands,1971,9.3,Europe
1182,Netherlands,1972,8.8,Europe
1183,Netherlands,1973,8.0,Europe
1184,Netherlands,1974,8.1,Europe
1185,Netherlands,1975,7.3,Europe
1186,Netherlands,1976,7.0,Europe
1187,Netherlands,1977,6.7,Europe
1188,Netherlands,1978,6.4,Europe
1189,Netherlands,1979,6.1,Europe
1190,Netherlands,1980,6.4,Europe
1191,Netherlands,1981,6.0,Europe
1192,Netherlands,1982,5.8,Europe
1193,Netherlands,1983,5.4,Europe
1194,Netherlands,1984,5.6,Europe
1195,Netherlands,1985,5.7,Europe
1196,Netherlands,1986,6.0,Europe
1197,Netherlands,1987,6.0,Europe
1198,Netherlands,1988,6.0,Europe
1199,Netherlands,1989,6.2,Europe
1200,Netherlands,1990,6.5,Europe
1201,Netherlands,1991,6.4,Europe
1202,Netherlands,1992,6.2,Europe
1203,Netherlands,1993,5.8,Europe
1204,Netherlands,1994,5.4,Europe
1205,Netherlands,1995,5.3,Europe
1206,Netherlands,1996,5.5,Europe
1207,Netherlands,1997,5.4,Europe
1208,Netherlands,1998,5.5,Europe
1209,Netherlands,1999,5.7,Europe
1210,Netherlands,2000,5.5,Europe
1211,Netherlands,2001,5.0,Europe
1212,Netherlands,2002,5.2,Europe
1213,Netherlands,2003,4.9,Europe
1214,Netherlands,2004,4.4,Europe
1215,Netherlands,2005,4.4,Europe
1216,Netherlands,2006,4.4,Europe
1217,Netherlands,2007,4.3,Europe
1218,Netherlands,2008,4.5,Europe
1219,Netherlands,2009,4.4,Europe
1220,Netherlands,2010,4.5,Europe
1221,Netherlands,2011,4.3,Europe
1222,Netherlands,2012,4.2,Europe
1223,Netherlands,2013,3.8,Europe
1224,Netherlands,2014,3.9,Europe
1225,Netherlands,2015,3.8,Europe
1226,Netherlands,2016,3.8,Europe
1227,Netherlands,2017,3.8,Europe
1228,New Zealand,1960,7.95,Oceania
1229,New Zealand,1961,8.01,Oceania
1230,New Zealand,1962,7.88,Oceania
1231,New Zealand,1963,7.83,Oceania
1232,New Zealand,1964,8.0,Oceania
1233,New Zealand,1965,8.24,Oceania
1234,New Zealand,1966,8.55,Oceania
1235,New Zealand,1967,8.62,Oceania
1236,New Zealand,1968,8.74,Oceania
1237,New Zealand,1969,8.98,Oceania
1238,New Zealand,1970,9.2,Oceania
1239,New Zealand,1971,9.5,Oceania
1240,New Zealand,1972,9.22,Oceania
1241,New Zealand,1973,8.83,Oceania
1242,New Zealand,1974,8.35,Oceania
1243,New Zealand,1975,7.91,Oceania
1244,New Zealand,1976,7.71,Oceania
1245,New Zealand,1977,7.19,Oceania
1246,New Zealand,1978,7.13,Oceania
1247,New Zealand,1979,7.12,Oceania
1248,New Zealand,1980,7.31,Oceania
1249,New Zealand,1981,7.5,Oceania
1250,New Zealand,1982,8.03,Oceania
1251,New Zealand,1983,7.66,Oceania
1252,New Zealand,1984,7.77,Oceania
1253,New Zealand,1985,7.54,Oceania
1254,New Zealand,1986,7.34,Oceania
1255,New Zealand,1987,7.4,Oceania
1256,New Zealand,1988,7.08,Oceania
1257,New Zealand,1989,6.83,Oceania
1258,New Zealand,1990,6.94,Oceania
1259,New Zealand,1991,6.25,Oceania
1260,New Zealand,1992,5.89,Oceania
1261,New Zealand,1993,5.82,Oceania
1262,New Zealand,1994,5.68,Oceania
1263,New Zealand,1995,5.56,Oceania
1264,New Zealand,1996,5.48,Oceania
1265,New Zealand,1997,5.27,Oceania
1266,New Zealand,1998,5.28,Oceania
1267,New Zealand,1999,5.49,Oceania
1268,New Zealand,2000,5.35,Oceania
1269,New Zealand,2001,5.14,Oceania
1270,New Zealand,2002,5.24,Oceania
1271,New Zealand,2003,5.32,Oceania
1272,New Zealand,2004,5.14,Oceania
1273,New Zealand,2005,5.01,Oceania
1274,New Zealand,2006,5.21,Oceania
1275,New Zealand,2007,5.16,Oceania
1276,New Zealand,2008,5.23,Oceania
1277,New Zealand,2009,5.09,Oceania
1278,New Zealand,2010,4.87,Oceania
1279,New Zealand,2011,4.68,Oceania
1280,New Zealand,2012,4.72,Oceania
1281,New Zealand,2013,4.35,Oceania
1282,New Zealand,2014,4.44,Oceania
1283,New Zealand,2015,4.32,Oceania
1284,New Zealand,2016,4.3,Oceania
1285,New Zealand,2017,4.31,Oceania
1286,Norway,1960,6.6,Europe
1287,Norway,1961,6.7,Europe
1288,Norway,1962,6.6,Europe
1289,Norway,1963,6.6,Europe
1290,Norway,1964,6.8,Europe
1291,Norway,1965,6.5,Europe
1292,Norway,1966,7.4,Europe
1293,Norway,1967,7.7,Europe
1294,Norway,1968,7.7,Europe
1295,Norway,1969,7.7,Europe
1296,Norway,1970,7.6,Europe
1297,Norway,1971,7.6,Europe
1298,Norway,1972,7.3,Europe
1299,Norway,1973,7.1,Europe
1300,Norway,1974,6.9,Europe
1301,Norway,1975,6.5,Europe
1302,Norway,1976,6.3,Europe
1303,Norway,1977,5.9,Europe
1304,Norway,1978,5.8,Europe
1305,Norway,1979,5.7,Europe
1306,Norway,1980,5.4,Europe
1307,Norway,1981,5.4,Europe
1308,Norway,1982,5.3,Europe
1309,Norway,1983,5.0,Europe
1310,Norway,1984,5.0,Europe
1311,Norway,1985,4.9,Europe
1312,Norway,1986,4.9,Europe
1313,Norway,1987,5.0,Europe
1314,Norway,1988,5.2,Europe
1315,Norway,1989,4.9,Europe
1316,Norway,1990,5.2,Europe
1317,Norway,1991,4.7,Europe
1318,Norway,1992,4.5,Europe
1319,Norway,1993,4.5,Europe
1320,Norway,1994,4.8,Europe
1321,Norway,1995,5.0,Europe
1322,Norway,1996,5.3,Europe
1323,Norway,1997,5.4,Europe
1324,Norway,1998,5.3,Europe
1325,Norway,1999,5.3,Europe
1326,Norway,2000,5.0,Europe
1327,Norway,2001,4.4,Europe
1328,Norway,2002,4.5,Europe
1329,Norway,2003,4.9,Europe
1330,Norway,2004,4.1,Europe
1331,Norway,2005,4.8,Europe
1332,Norway,2006,4.7,Europe
1333,Norway,2007,5.0,Europe
1334,Norway,2008,5.3,Europe
1335,Norway,2009,5.0,Europe
1336,Norway,2010,4.8,Europe
1337,Norway,2011,4.6,Europe
1338,Norway,2012,4.8,Europe
1339,Norway,2013,4.7,Europe
1340,Norway,2014,4.6,Europe
1341,Norway,2015,4.5,Europe
1342,Norway,2016,4.5,Europe
1343,Norway,2017,4.4,Europe
1344,Poland,1960,8.2,Europe
1345,Poland,1961,7.9,Europe
1346,Poland,1962,7.5,Europe
1347,Poland,1963,7.2,Europe
1348,Poland,1964,7.4,Europe
1349,Poland,1965,6.4,Europe
1350,Poland,1966,7.1,Europe
1351,Poland,1967,7.4,Europe
1352,Poland,1968,8.0,Europe
1353,Poland,1969,8.3,Europe
1354,Poland,1970,8.6,Europe
1355,Poland,1971,8.9,Europe
1356,Poland,1972,9.3,Europe
1357,Poland,1973,9.4,Europe
1358,Poland,1974,9.5,Europe
1359,Poland,1975,9.7,Europe
1360,Poland,1976,9.5,Europe
1361,Poland,1977,9.4,Europe
1362,Poland,1978,9.4,Europe
1363,Poland,1979,9.0,Europe
1364,Poland,1980,8.6,Europe
1365,Poland,1981,9.0,Europe
1366,Poland,1982,8.7,Europe
1367,Poland,1983,8.4,Europe
1368,Poland,1984,7.7,Europe
1369,Poland,1985,7.2,Europe
1370,Poland,1986,6.9,Europe
1371,Poland,1987,6.7,Europe
1372,Poland,1988,6.5,Europe
1373,Poland,1989,6.7,Europe
1374,Poland,1990,6.7,Europe
1375,Poland,1991,6.1,Europe
1376,Poland,1992,5.7,Europe
1377,Poland,1993,5.4,Europe
1378,Poland,1994,5.4,Europe
1379,Poland,1995,5.4,Europe
1380,Poland,1996,5.3,Europe
1381,Poland,1997,5.3,Europe
1382,Poland,1998,5.4,Europe
1383,Poland,1999,5.7,Europe
1384,Poland,2000,5.5,Europe
1385,Poland,2001,5.1,Europe
1386,Poland,2002,5.0,Europe
1387,Poland,2003,5.1,Europe
1388,Poland,2004,5.0,Europe
1389,Poland,2005,5.4,Europe
1390,Poland,2006,5.9,Europe
1391,Poland,2007,6.5,Europe
1392,Poland,2008,6.8,Europe
1393,Poland,2009,6.6,Europe
1394,Poland,2010,6.0,Europe
1395,Poland,2011,5.4,Europe
1396,Poland,2012,5.4,Europe
1397,Poland,2013,4.7,Europe
1398,Poland,2014,5.0,Europe
1399,Poland,2015,5.0,Europe
1400,Poland,2016,5.1,Europe
1401,Poland,2017,5.1,Europe
1402,Portugal,1960,7.8,Europe
1403,Portugal,1961,8.8,Europe
1404,Portugal,1962,7.9,Europe
1405,Portugal,1963,7.9,Europe
1406,Portugal,1964,8.1,Europe
1407,Portugal,1965,8.4,Europe
1408,Portugal,1966,8.6,Europe
1409,Portugal,1967,8.9,Europe
1410,Portugal,1968,8.7,Europe
1411,Portugal,1969,9.0,Europe
1412,Portugal,1970,9.4,Europe
1413,Portugal,1971,9.7,Europe
1414,Portugal,1972,9.0,Europe
1415,Portugal,1973,9.8,Europe
1416,Portugal,1974,9.3,Europe
1417,Portugal,1975,11.3,Europe
1418,Portugal,1976,10.9,Europe
1419,Portugal,1977,9.7,Europe
1420,Portugal,1978,8.5,Europe
1421,Portugal,1979,8.3,Europe
1422,Portugal,1980,7.4,Europe
1423,Portugal,1981,7.7,Europe
1424,Portugal,1982,7.4,Europe
1425,Portugal,1983,7.5,Europe
1426,Portugal,1984,7.0,Europe
1427,Portugal,1985,6.8,Europe
1428,Portugal,1986,6.9,Europe
1429,Portugal,1987,7.1,Europe
1430,Portugal,1988,7.1,Europe
1431,Portugal,1989,7.3,Europe
1432,Portugal,1990,7.2,Europe
1433,Portugal,1991,7.2,Europe
1434,Portugal,1992,7.0,Europe
1435,Portugal,1993,6.8,Europe
1436,Portugal,1994,6.6,Europe
1437,Portugal,1995,6.6,Europe
1438,Portugal,1996,6.3,Europe
1439,Portugal,1997,6.5,Europe
1440,Portugal,1998,6.6,Europe
1441,Portugal,1999,6.7,Europe
1442,Portugal,2000,6.2,Europe
1443,Portugal,2001,5.6,Europe
1444,Portugal,2002,5.4,Europe
1445,Portugal,2003,5.1,Europe
1446,Portugal,2004,4.7,Europe
1447,Portugal,2005,4.6,Europe
1448,Portugal,2006,4.5,Europe
1449,Portugal,2007,4.4,Europe
1450,Portugal,2008,4.1,Europe
1451,Portugal,2009,3.8,Europe
1452,Portugal,2010,3.8,Europe
1453,Portugal,2011,3.4,Europe
1454,Portugal,2012,3.3,Europe
1455,Portugal,2013,3.1,Europe
1456,Portugal,2014,3.0,Europe
1457,Portugal,2015,3.1,Europe
1458,Portugal,2016,3.1,Europe
1459,Portugal,2017,3.3,Europe
1460,Slovak Republic,1960,7.9,Europe
1461,Slovak Republic,1961,7.5,Europe
1462,Slovak Republic,1962,7.2,Europe
1463,Slovak Republic,1963,7.2,Europe
1464,Slovak Republic,1964,7.0,Europe
1465,Slovak Republic,1965,7.0,Europe
1466,Slovak Republic,1966,7.0,Europe
1467,Slovak Republic,1967,7.6,Europe
1468,Slovak Republic,1968,7.5,Europe
1469,Slovak Republic,1969,7.7,Europe
1470,Slovak Republic,1970,7.9,Europe
1471,Slovak Republic,1971,8.4,Europe
1472,Slovak Republic,1972,8.7,Europe
1473,Slovak Republic,1973,9.0,Europe
1474,Slovak Republic,1974,9.0,Europe
1475,Slovak Republic,1975,9.2,Europe
1476,Slovak Republic,1976,9.2,Europe
1477,Slovak Republic,1977,9.2,Europe
1478,Slovak Republic,1978,9.0,Europe
1479,Slovak Republic,1979,8.6,Europe
1480,Slovak Republic,1980,7.9,Europe
1481,Slovak Republic,1981,7.8,Europe
1482,Slovak Republic,1982,8.0,Europe
1483,Slovak Republic,1983,7.9,Europe
1484,Slovak Republic,1984,7.7,Europe
1485,Slovak Republic,1985,7.5,Europe
1486,Slovak Republic,1986,7.4,Europe
1487,Slovak Republic,1987,7.4,Europe
1488,Slovak Republic,1988,7.1,Europe
1489,Slovak Republic,1989,6.9,Europe
1490,Slovak Republic,1990,7.6,Europe
1491,Slovak Republic,1991,6.2,Europe
1492,Slovak Republic,1992,6.4,Europe
1493,Slovak Republic,1993,5.8,Europe
1494,Slovak Republic,1994,5.3,Europe
1495,Slovak Republic,1995,5.1,Europe
1496,Slovak Republic,1996,5.1,Europe
1497,Slovak Republic,1997,5.2,Europe
1498,Slovak Republic,1998,5.1,Europe
1499,Slovak Republic,1999,5.1,Europe
1500,Slovak Republic,2000,4.8,Europe
1501,Slovak Republic,2001,4.4,Europe
1502,Slovak Republic,2002,4.7,Europe
1503,Slovak Republic,2003,4.8,Europe
1504,Slovak Republic,2004,5.2,Europe
1505,Slovak Republic,2005,4.9,Europe
1506,Slovak Republic,2006,4.8,Europe
1507,Slovak Republic,2007,5.1,Europe
1508,Slovak Republic,2008,5.3,Europe
1509,Slovak Republic,2009,4.9,Europe
1510,Slovak Republic,2010,4.7,Europe
1511,Slovak Republic,2011,4.7,Europe
1512,Slovak Republic,2012,4.8,Europe
1513,Slovak Republic,2013,4.7,Europe
1514,Slovak Republic,2014,4.9,Europe
1515,Slovak Republic,2015,5.3,Europe
1516,Slovak Republic,2016,5.5,Europe
1517,Slovak Republic,2017,5.8,Europe
1518,Slovenia,1960,8.8,Europe
1519,Slovenia,1961,9.1,Europe
1520,Slovenia,1962,9.1,Europe
1521,Slovenia,1963,8.8,Europe
1522,Slovenia,1964,9.0,Europe
1523,Slovenia,1965,9.2,Europe
1524,Slovenia,1966,8.6,Europe
1525,Slovenia,1967,8.3,Europe
1526,Slovenia,1968,8.2,Europe
1527,Slovenia,1969,8.2,Europe
1528,Slovenia,1970,8.3,Europe
1529,Slovenia,1971,8.2,Europe
1530,Slovenia,1972,9.0,Europe
1531,Slovenia,1973,8.9,Europe
1532,Slovenia,1974,8.7,Europe
1533,Slovenia,1975,8.6,Europe
1534,Slovenia,1976,8.3,Europe
1535,Slovenia,1977,8.2,Europe
1536,Slovenia,1978,8.4,Europe
1537,Slovenia,1979,7.6,Europe
1538,Slovenia,1980,6.5,Europe
1539,Slovenia,1981,6.4,Europe
1540,Slovenia,1982,6.1,Europe
1541,Slovenia,1983,6.2,Europe
1542,Slovenia,1984,5.9,Europe
1543,Slovenia,1985,5.4,Europe
1544,Slovenia,1986,5.4,Europe
1545,Slovenia,1987,5.2,Europe
1546,Slovenia,1988,4.6,Europe
1547,Slovenia,1989,4.9,Europe
1548,Slovenia,1990,4.3,Europe
1549,Slovenia,1991,4.1,Europe
1550,Slovenia,1992,4.6,Europe
1551,Slovenia,1993,4.5,Europe
1552,Slovenia,1994,4.2,Europe
1553,Slovenia,1995,4.1,Europe
1554,Slovenia,1996,3.8,Europe
1555,Slovenia,1997,3.8,Europe
1556,Slovenia,1998,3.8,Europe
1557,Slovenia,1999,3.9,Europe
1558,Slovenia,2000,3.6,Europe
1559,Slovenia,2001,3.5,Europe
1560,Slovenia,2002,3.5,Europe
1561,Slovenia,2003,3.4,Europe
1562,Slovenia,2004,3.3,Europe
1563,Slovenia,2005,2.9,Europe
1564,Slovenia,2006,3.2,Europe
1565,Slovenia,2007,3.2,Europe
1566,Slovenia,2008,3.3,Europe
1567,Slovenia,2009,3.2,Europe
1568,Slovenia,2010,3.2,Europe
1569,Slovenia,2011,3.2,Europe
1570,Slovenia,2012,3.4,Europe
1571,Slovenia,2013,3.0,Europe
1572,Slovenia,2014,3.2,Europe
1573,Slovenia,2015,3.1,Europe
1574,Slovenia,2016,3.2,Europe
1575,Slovenia,2017,3.1,Europe
1576,Spain,1960,7.8,Europe
1577,Spain,1961,7.7,Europe
1578,Spain,1962,7.6,Europe
1579,Spain,1963,7.6,Europe
1580,Spain,1964,7.4,Europe
1581,Spain,1965,7.1,Europe
1582,Spain,1966,7.1,Europe
1583,Spain,1967,7.1,Europe
1584,Spain,1968,7.0,Europe
1585,Spain,1969,7.2,Europe
1586,Spain,1970,7.3,Europe
1587,Spain,1971,7.4,Europe
1588,Spain,1972,7.6,Europe
1589,Spain,1973,7.7,Europe
1590,Spain,1974,7.6,Europe
1591,Spain,1975,7.6,Europe
1592,Spain,1976,7.3,Europe
1593,Spain,1977,7.2,Europe
1594,Spain,1978,7.0,Europe
1595,Spain,1979,6.6,Europe
1596,Spain,1980,5.9,Europe
1597,Spain,1981,5.4,Europe
1598,Spain,1982,5.1,Europe
1599,Spain,1983,5.1,Europe
1600,Spain,1984,5.2,Europe
1601,Spain,1985,5.2,Europe
1602,Spain,1986,5.4,Europe
1603,Spain,1987,5.6,Europe
1604,Spain,1988,5.7,Europe
1605,Spain,1989,5.7,Europe
1606,Spain,1990,5.7,Europe
1607,Spain,1991,5.6,Europe
1608,Spain,1992,5.6,Europe
1609,Spain,1993,5.1,Europe
1610,Spain,1994,5.1,Europe
1611,Spain,1995,5.1,Europe
1612,Spain,1996,4.9,Europe
1613,Spain,1997,5.0,Europe
1614,Spain,1998,5.2,Europe
1615,Spain,1999,5.2,Europe
1616,Spain,2000,5.4,Europe
1617,Spain,2001,5.1,Europe
1618,Spain,2002,5.1,Europe
1619,Spain,2003,5.0,Europe
1620,Spain,2004,5.0,Europe
1621,Spain,2005,4.7,Europe
1622,Spain,2006,4.5,Europe
1623,Spain,2007,4.4,Europe
1624,Spain,2008,4.2,Europe
1625,Spain,2009,3.7,Europe
1626,Spain,2010,3.6,Europe
1627,Spain,2011,3.4,Europe
1628,Spain,2012,3.5,Europe
1629,Spain,2013,3.3,Europe
1630,Spain,2014,3.4,Europe
1631,Spain,2015,3.6,Europe
1632,Spain,2016,3.7,Europe
1633,Spain,2017,3.7,Europe
1634,Sweden,1960,6.7,Europe
1635,Sweden,1961,7.0,Europe
1636,Sweden,1962,7.1,Europe
1637,Sweden,1963,7.0,Europe
1638,Sweden,1964,7.6,Europe
1639,Sweden,1965,7.8,Europe
1640,Sweden,1966,7.8,Europe
1641,Sweden,1967,7.2,Europe
1642,Sweden,1968,6.6,Europe
1643,Sweden,1969,6.1,Europe
1644,Sweden,1970,5.4,Europe
1645,Sweden,1971,4.9,Europe
1646,Sweden,1972,4.8,Europe
1647,Sweden,1973,4.7,Europe
1648,Sweden,1974,5.5,Europe
1649,Sweden,1975,5.4,Europe
1650,Sweden,1976,5.4,Europe
1651,Sweden,1977,4.9,Europe
1652,Sweden,1978,4.6,Europe
1653,Sweden,1979,4.5,Europe
1654,Sweden,1980,4.5,Europe
1655,Sweden,1981,4.5,Europe
1656,Sweden,1982,4.5,Europe
1657,Sweden,1983,4.3,Europe
1658,Sweden,1984,4.4,Europe
1659,Sweden,1985,4.6,Europe
1660,Sweden,1986,4.6,Europe
1661,Sweden,1987,4.9,Europe
1662,Sweden,1988,5.2,Europe
1663,Sweden,1989,12.8,Europe
1664,Sweden,1990,4.7,Europe
1665,Sweden,1991,4.3,Europe
1666,Sweden,1992,4.3,Europe
1667,Sweden,1993,3.9,Europe
1668,Sweden,1994,3.9,Europe
1669,Sweden,1996,3.8,Europe
1670,Sweden,1997,3.7,Europe
1671,Sweden,1998,3.6,Europe
1672,Sweden,1999,4.0,Europe
1673,Sweden,2000,4.5,Europe
1674,Sweden,2001,4.0,Europe
1675,Sweden,2002,4.3,Europe
1676,Sweden,2003,4.4,Europe
1677,Sweden,2004,4.8,Europe
1678,Sweden,2005,4.9,Europe
1679,Sweden,2006,5.0,Europe
1680,Sweden,2008,5.5,Europe
1681,Sweden,2009,5.1,Europe
1682,Sweden,2010,5.3,Europe
1683,Sweden,2011,5.0,Europe
1684,Sweden,2012,5.3,Europe
1685,Sweden,2013,5.4,Europe
1686,Sweden,2014,5.5,Europe
1687,Sweden,2015,5.3,Europe
1688,Sweden,2016,5.4,Europe
1689,Sweden,2017,5.2,Europe
1690,Switzerland,1960,7.8,Europe
1691,Switzerland,1961,7.8,Europe
1692,Switzerland,1962,8.0,Europe
1693,Switzerland,1963,7.7,Europe
1694,Switzerland,1964,7.6,Europe
1695,Switzerland,1965,7.7,Europe
1696,Switzerland,1966,7.5,Europe
1697,Switzerland,1967,7.6,Europe
1698,Switzerland,1968,7.5,Europe
1699,Switzerland,1969,7.6,Europe
1700,Switzerland,1970,7.6,Europe
1701,Switzerland,1971,7.2,Europe
1702,Switzerland,1972,6.9,Europe
1703,Switzerland,1973,6.5,Europe
1704,Switzerland,1974,6.1,Europe
1705,Switzerland,1975,5.6,Europe
1706,Switzerland,1976,5.1,Europe
1707,Switzerland,1977,5.3,Europe
1708,Switzerland,1978,5.1,Europe
1709,Switzerland,1979,5.4,Europe
1710,Switzerland,1980,5.7,Europe
1711,Switzerland,1981,5.6,Europe
1712,Switzerland,1982,5.8,Europe
1713,Switzerland,1983,5.9,Europe
1714,Switzerland,1984,6.0,Europe
1715,Switzerland,1985,6.0,Europe
1716,Switzerland,1986,6.2,Europe
1717,Switzerland,1987,6.6,Europe
1718,Switzerland,1988,6.9,Europe
1719,Switzerland,1989,6.8,Europe
1720,Switzerland,1990,6.9,Europe
1721,Switzerland,1991,7.0,Europe
1722,Switzerland,1992,6.6,Europe
1723,Switzerland,1993,6.2,Europe
1724,Switzerland,1994,6.1,Europe
1725,Switzerland,1995,5.8,Europe
1726,Switzerland,1996,5.7,Europe
1727,Switzerland,1997,5.5,Europe
1728,Switzerland,1998,5.4,Europe
1729,Switzerland,1999,5.7,Europe
1730,Switzerland,2000,5.5,Europe
1731,Switzerland,2001,5.0,Europe
1732,Switzerland,2002,5.5,Europe
1733,Switzerland,2003,5.5,Europe
1734,Switzerland,2004,5.3,Europe
1735,Switzerland,2005,5.4,Europe
1736,Switzerland,2006,5.3,Europe
1737,Switzerland,2007,5.3,Europe
1738,Switzerland,2008,5.4,Europe
1739,Switzerland,2009,5.4,Europe
1740,Switzerland,2010,5.5,Europe
1741,Switzerland,2011,5.3,Europe
1742,Switzerland,2012,5.3,Europe
1743,Switzerland,2013,4.9,Europe
1744,Switzerland,2014,5.1,Europe
1745,Switzerland,2015,5.0,Europe
1746,Switzerland,2016,5.0,Europe
1747,Switzerland,2017,4.8,Europe
1748,Turkey,1980,8.2,Asia
1749,Turkey,2003,7.1,Asia
1750,Turkey,2004,9.2,Asia
1751,Turkey,2005,9.5,Asia
1752,Turkey,2006,9.2,Asia
1753,Turkey,2007,9.1,Asia
1754,Turkey,2008,9.0,Asia
1755,Turkey,2009,8.2,Asia
1756,Turkey,2010,8.0,Asia
1757,Turkey,2011,8.0,Asia
1758,Turkey,2012,8.0,Asia
1759,Turkey,2013,7.9,Asia
1760,Turkey,2014,7.8,Asia
1761,Turkey,2015,7.7,Asia
1762,Turkey,2016,7.5,Asia
1763,Turkey,2017,7.1,Asia
1764,United Kingdom,1960,7.5,Europe
1765,United Kingdom,1961,7.5,Europe
1766,United Kingdom,1962,7.5,Europe
1767,United Kingdom,1963,7.5,Europe
1768,United Kingdom,1964,7.6,Europe
1769,United Kingdom,1965,7.8,Europe
1770,United Kingdom,1966,8.0,Europe
1771,United Kingdom,1967,8.0,Europe
1772,United Kingdom,1968,8.4,Europe
1773,United Kingdom,1969,8.1,Europe
1774,United Kingdom,1970,8.5,Europe
1775,United Kingdom,1971,8.2,Europe
1776,United Kingdom,1972,8.6,Europe
1777,United Kingdom,1973,8.1,Europe
1778,United Kingdom,1974,7.8,Europe
1779,United Kingdom,1975,7.7,Europe
1780,United Kingdom,1976,7.2,Europe
1781,United Kingdom,1977,7.2,Europe
1782,United Kingdom,1978,7.4,Europe
1783,United Kingdom,1979,7.4,Europe
1784,United Kingdom,1980,7.4,Europe
1785,United Kingdom,1981,7.1,Europe
1786,United Kingdom,1982,6.9,Europe
1787,United Kingdom,1983,6.9,Europe
1788,United Kingdom,1984,7.0,Europe
1789,United Kingdom,1985,7.0,Europe
1790,United Kingdom,1986,7.0,Europe
1791,United Kingdom,1987,7.0,Europe
1792,United Kingdom,1988,6.9,Europe
1793,United Kingdom,1989,6.9,Europe
1794,United Kingdom,1990,6.6,Europe
1795,United Kingdom,1991,6.1,Europe
1796,United Kingdom,1992,6.2,Europe
1797,United Kingdom,1993,5.9,Europe
1798,United Kingdom,1994,5.7,Europe
1799,United Kingdom,1995,5.6,Europe
1800,United Kingdom,1996,5.5,Europe
1801,United Kingdom,1997,5.3,Europe
1802,United Kingdom,1998,5.2,Europe
1803,United Kingdom,1999,5.1,Europe
1804,United Kingdom,2000,5.2,Europe
1805,United Kingdom,2001,4.8,Europe
1806,United Kingdom,2002,4.9,Europe
1807,United Kingdom,2003,5.2,Europe
1808,United Kingdom,2007,4.5,Europe
1809,United Kingdom,2008,4.4,Europe
1810,United Kingdom,2009,4.3,Europe
1811,United Kingdom,2010,4.5,Europe
1812,United Kingdom,2011,4.5,Europe
1813,United Kingdom,2013,4.3,Europe
1814,United Kingdom,2014,4.5,Europe
1815,United Kingdom,2015,4.4,Europe
1816,United Kingdom,2016,4.4,Europe
1817,United States,1970,10.6222,North America
1818,United States,1985,10.1403,North America
1819,United States,1991,9.2,North America
1820,United States,1992,9.0,North America
1821,United States,1993,9.1,North America
1822,United States,1994,8.9,North America
1823,United States,1995,8.9,North America
1824,United States,1996,8.8,North America
1825,United States,1997,8.9,North America
1826,United States,1998,8.3,North America
1827,United States,1999,8.6,North America
1828,United States,2000,8.2,North America
1829,United States,2001,8.2,North America
1830,United States,2002,8.0,North America
1831,United States,2003,7.7,North America
1832,United States,2004,7.8,North America
1833,United States,2005,7.6,North America
1834,United States,2006,7.5,North America
1835,United States,2007,7.3,North America
1836,United States,2008,7.1,North America
1837,United States,2009,6.8,North America
1838,United States,2010,6.8,North America
1839,United States,2011,6.8,North America
1840,United States,2012,6.8,North America
1841,United States,2013,6.8,North America
1842,United States,2014,6.9,North America
1843,United States,2015,6.9,North America
1844,United States,2016,7.0,North America
1845,United States,2017,6.9,North America
1846,Costa Rica,1960,7.227281008191718,North America
1847,Costa Rica,1961,6.712095452714813,North America
1848,Costa Rica,1962,5.846846480544395,North America
1849,Costa Rica,1963,5.836997187641579,North America
1850,Costa Rica,1964,5.506912838127952,North America
1851,Costa Rica,1965,5.679357108980375,North America
1852,Costa Rica,1966,5.566945013917362,North America
1853,Costa Rica,1967,5.534113596007846,North America
1854,Costa Rica,1968,5.782951829164969,North America
1855,Costa Rica,1969,5.751290775957902,North America
1856,Costa Rica,1970,6.250620157456206,North America
1857,Costa Rica,1971,6.301223655912792,North America
1858,Costa Rica,1972,6.959314775160599,North America
1859,Costa Rica,1973,6.832270814939563,North America
1860,Costa Rica,1974,7.2740686620652495,North America
1861,Costa Rica,1975,7.305632994811971,North America
1862,Costa Rica,1976,7.157881472578175,North America
1863,Costa Rica,1977,7.282119568040269,North America
1864,Costa Rica,1978,7.5551608026261885,North America
1865,Costa Rica,1979,7.610195143511512,North America
1866,Costa Rica,1980,7.598648319035595,North America
1867,Costa Rica,1981,7.026826325071939,North America
1868,Costa Rica,1982,7.607813949518942,North America
1869,Costa Rica,1983,7.651710089951797,North America
1870,Costa Rica,1984,7.851520474448172,North America
1871,Costa Rica,1985,8.04832091399479,North America
1872,Costa Rica,1986,7.740466746366463,North America
1873,Costa Rica,1987,7.754061137364532,North America
1874,Costa Rica,1988,7.960712608479385,North America
1875,Costa Rica,1989,7.776783342666737,North America
1876,Costa Rica,1990,7.494381607058445,North America
1877,Costa Rica,1991,7.205462067827037,North America
1878,Costa Rica,1992,6.588158409758347,North America
1879,Costa Rica,1993,6.303034568074996,North America
1880,Costa Rica,1994,6.454277353374384,North America
1881,Costa Rica,1995,7.080522641396059,North America
1882,Costa Rica,1996,6.695511842825033,North America
1883,Costa Rica,1997,6.729020409700422,North America
1884,Costa Rica,1998,6.711191725052764,North America
1885,Costa Rica,1999,6.763685087385502,North America
1886,Costa Rica,2000,6.310381631407706,North America
1887,Costa Rica,2001,6.017615754365933,North America
1888,Costa Rica,2002,5.94814429383624,North America
1889,Costa Rica,2003,5.982764801824587,North America
1890,Costa Rica,2004,6.11056877906404,North America
1891,Costa Rica,2005,6.080543778207119,North America
1892,Costa Rica,2006,6.211062539264667,North America
1893,Costa Rica,2007,5.992549056651591,North America
1894,Costa Rica,2008,5.684261674943064,North America
1895,Costa Rica,2009,5.352024248786789,North America
1896,Costa Rica,2010,5.283537727172272,North America
1897,Costa Rica,2011,5.446905141797446,North America
1898,Costa Rica,2012,5.612515959847737,North America
1899,Costa Rica,2013,5.458112086852738,North America
1900,Costa Rica,2014,5.428106862619599,North America
1901,Costa Rica,2015,5.486497219604956,North America
1902,Costa Rica,2016,5.46338806127632,North America
1903,Costa Rica,2017,5.15,North America
1904,China,2010,9.3,Asia
1905,China,2011,9.3,Asia
1906,China,2012,9.6,Asia
1907,Russian Federation,2010,8.5,Europe
1908,Russian Federation,2011,9.2,Europe
1909,Russian Federation,2012,8.5,Europe
1910,Russian Federation,2013,8.5,Europe
1911,Argentina,2010,3.0,South America
1912,Argentina,2011,3.1,South America
1913,Argentina,2012,3.2,South America
1914,Argentina,2013,2.9,South America
1915,Argentina,2014,2.8,South America
1916,Argentina,2015,2.8,South America
1917,Argentina,2016,2.7,South America
1918,Bulgaria,1960,8.8,Europe
1919,Bulgaria,1961,8.4,Europe
1920,Bulgaria,1962,8.1,Europe
1921,Bulgaria,1963,8.2,Europe
1922,Bulgaria,1964,8.1,Europe
1923,Bulgaria,1965,8.0,Europe
1924,Bulgaria,1966,8.2,Europe
1925,Bulgaria,1967,8.7,Europe
1926,Bulgaria,1968,8.9,Europe
1927,Bulgaria,1969,8.7,Europe
1928,Bulgaria,1970,8.6,Europe
1929,Bulgaria,1971,8.2,Europe
1930,Bulgaria,1972,8.2,Europe
1931,Bulgaria,1973,8.6,Europe
1932,Bulgaria,1974,8.5,Europe
1933,Bulgaria,1975,8.6,Europe
1934,Bulgaria,1976,8.4,Europe
1935,Bulgaria,1977,8.5,Europe
1936,Bulgaria,1978,8.1,Europe
1937,Bulgaria,1979,7.9,Europe
1938,Bulgaria,1980,7.9,Europe
1939,Bulgaria,1981,7.5,Europe
1940,Bulgaria,1982,7.5,Europe
1941,Bulgaria,1983,7.5,Europe
1942,Bulgaria,1984,7.3,Europe
1943,Bulgaria,1985,7.4,Europe
1944,Bulgaria,1986,7.3,Europe
1945,Bulgaria,1987,7.2,Europe
1946,Bulgaria,1988,7.0,Europe
1947,Bulgaria,1989,7.1,Europe
1948,Bulgaria,1990,6.9,Europe
1949,Bulgaria,1991,5.7,Europe
1950,Bulgaria,1992,5.2,Europe
1951,Bulgaria,1993,4.7,Europe
1952,Bulgaria,1994,4.5,Europe
1953,Bulgaria,1995,4.4,Europe
1954,Bulgaria,1996,4.3,Europe
1955,Bulgaria,1997,4.2,Europe
1956,Bulgaria,1998,4.3,Europe
1957,Bulgaria,1999,4.1,Europe
1958,Bulgaria,2000,4.3,Europe
1959,Bulgaria,2001,4.0,Europe
1960,Bulgaria,2002,3.7,Europe
1961,Bulgaria,2003,3.9,Europe
1962,Bulgaria,2004,4.0,Europe
1963,Bulgaria,2005,4.4,Europe
1964,Bulgaria,2006,4.3,Europe
1965,Bulgaria,2007,3.9,Europe
1966,Bulgaria,2008,3.7,Europe
1967,Bulgaria,2009,3.5,Europe
1968,Bulgaria,2010,3.3,Europe
1969,Bulgaria,2011,2.9,Europe
1970,Bulgaria,2012,2.9,Europe
1971,Bulgaria,2013,3.0,Europe
1972,Bulgaria,2014,3.4,Europe
1973,Bulgaria,2015,3.9,Europe
1974,Bulgaria,2016,3.8,Europe
1975,Bulgaria,2017,4.0,Europe
1976,Croatia,1960,8.9,Europe
1977,Croatia,1961,8.8,Europe
1978,Croatia,1962,8.6,Europe
1979,Croatia,1963,8.0,Europe
1980,Croatia,1964,8.5,Europe
1981,Croatia,1965,9.0,Europe
1982,Croatia,1966,8.6,Europe
1983,Croatia,1967,8.3,Europe
1984,Croatia,1968,8.1,Europe
1985,Croatia,1969,8.1,Europe
1986,Croatia,1970,8.5,Europe
1987,Croatia,1971,8.5,Europe
1988,Croatia,1972,8.5,Europe
1989,Croatia,1973,8.3,Europe
1990,Croatia,1974,8.0,Europe
1991,Croatia,1975,8.0,Europe
1992,Croatia,1976,7.7,Europe
1993,Croatia,1977,7.8,Europe
1994,Croatia,1978,7.8,Europe
1995,Croatia,1979,7.4,Europe
1996,Croatia,1980,7.2,Europe
1997,Croatia,1981,7.3,Europe
1998,Croatia,1982,7.2,Europe
1999,Croatia,1983,7.1,Europe
2000,Croatia,1984,6.9,Europe
2001,Croatia,1985,6.6,Europe
2002,Croatia,1986,6.5,Europe
2003,Croatia,1987,6.6,Europe
2004,Croatia,1988,6.2,Europe
2005,Croatia,1989,6.1,Europe
2006,Croatia,1990,5.8,Europe
2007,Croatia,1991,4.6,Europe
2008,Croatia,1992,4.8,Europe
2009,Croatia,1993,5.0,Europe
2010,Croatia,1994,5.2,Europe
2011,Croatia,1995,5.3,Europe
2012,Croatia,1996,5.4,Europe
2013,Croatia,1997,5.4,Europe
2014,Croatia,1998,5.3,Europe
2015,Croatia,1999,5.3,Europe
2016,Croatia,2000,4.9,Europe
2017,Croatia,2001,5.1,Europe
2018,Croatia,2002,5.3,Europe
2019,Croatia,2003,5.2,Europe
2020,Croatia,2004,5.3,Europe
2021,Croatia,2005,5.1,Europe
2022,Croatia,2006,5.1,Europe
2023,Croatia,2007,5.4,Europe
2024,Croatia,2008,5.4,Europe
2025,Croatia,2009,5.2,Europe
2026,Croatia,2010,5.0,Europe
2027,Croatia,2011,4.7,Europe
2028,Croatia,2012,4.8,Europe
2029,Croatia,2013,4.5,Europe
2030,Croatia,2014,4.6,Europe
2031,Croatia,2015,4.7,Europe
2032,Croatia,2016,4.9,Europe
2033,Croatia,2017,4.9,Europe
2034,Cyprus,1964,4.4,Asia
2035,Cyprus,1965,7.6,Asia
2036,Cyprus,1966,7.3,Asia
2037,Cyprus,1967,8.7,Asia
2038,Cyprus,1968,6.1,Asia
2039,Cyprus,1969,8.6,Asia
2040,Cyprus,1970,8.6,Asia
2041,Cyprus,1971,9.6,Asia
2042,Cyprus,1972,6.6,Asia
2043,Cyprus,1973,8.8,Asia
2044,Cyprus,1974,5.4,Asia
2045,Cyprus,1975,11.2,Asia
2046,Cyprus,1976,7.1,Asia
2047,Cyprus,1977,10.1,Asia
2048,Cyprus,1978,10.0,Asia
2049,Cyprus,1979,12.6,Asia
2050,Cyprus,1980,7.7,Asia
2051,Cyprus,1981,11.5,Asia
2052,Cyprus,1982,10.8,Asia
2053,Cyprus,1983,11.7,Asia
2054,Cyprus,1984,7.7,Asia
2055,Cyprus,1985,10.5,Asia
2056,Cyprus,1986,9.4,Asia
2057,Cyprus,1987,10.8,Asia
2058,Cyprus,1988,7.0,Asia
2059,Cyprus,1989,9.9,Asia
2060,Cyprus,1990,9.7,Asia
2061,Cyprus,1991,10.5,Asia
2062,Cyprus,1992,8.0,Asia
2063,Cyprus,1993,9.7,Asia
2064,Cyprus,1994,9.7,Asia
2065,Cyprus,1995,10.2,Asia
2066,Cyprus,1996,8.7,Asia
2067,Cyprus,1997,10.7,Asia
2068,Cyprus,1998,11.4,Asia
2069,Cyprus,1999,13.2,Asia
2070,Cyprus,2000,13.4,Asia
2071,Cyprus,2001,15.1,Asia
2072,Cyprus,2002,14.5,Asia
2073,Cyprus,2003,7.7,Asia
2074,Cyprus,2004,7.3,Asia
2075,Cyprus,2005,8.0,Asia
2076,Cyprus,2006,7.0,Asia
2077,Cyprus,2007,8.3,Asia
2078,Cyprus,2008,7.8,Asia
2079,Cyprus,2009,7.8,Asia
2080,Cyprus,2010,7.3,Asia
2081,Cyprus,2011,7.3,Asia
2082,Cyprus,2012,6.7,Asia
2083,Cyprus,2013,6.4,Asia
2084,Cyprus,2014,6.3,Asia
2085,Cyprus,2015,7.2,Asia
2086,Cyprus,2016,7.5,Asia
2087,Cyprus,2017,6.8,Asia
2088,Malta,1960,6.0,Europe
2089,Malta,1961,6.0,Europe
2090,Malta,1962,5.8,Europe
2091,Malta,1963,6.3,Europe
2092,Malta,1964,6.4,Europe
2093,Malta,1965,6.2,Europe
2094,Malta,1966,6.2,Europe
2095,Malta,1967,6.5,Europe
2096,Malta,1968,7.0,Europe
2097,Malta,1969,7.2,Europe
2098,Malta,1970,7.9,Europe
2099,Malta,1971,8.9,Europe
2100,Malta,1972,9.7,Europe
2101,Malta,1973,11.0,Europe
2102,Malta,1974,11.6,Europe
2103,Malta,1975,9.2,Europe
2104,Malta,1976,9.6,Europe
2105,Malta,1977,9.9,Europe
2106,Malta,1978,9.2,Europe
2107,Malta,1979,8.6,Europe
2108,Malta,1980,8.8,Europe
2109,Malta,1981,9.0,Europe
2110,Malta,1982,8.6,Europe
2111,Malta,1983,8.4,Europe
2112,Malta,1984,8.0,Europe
2113,Malta,1985,7.6,Europe
2114,Malta,1986,7.7,Europe
2115,Malta,1987,7.1,Europe
2116,Malta,1988,7.3,Europe
2117,Malta,1989,7.1,Europe
2118,Malta,1990,7.1,Europe
2119,Malta,1991,7.1,Europe
2120,Malta,1992,6.6,Europe
2121,Malta,1993,6.8,Europe
2122,Malta,1994,6.7,Europe
2123,Malta,1995,6.1,Europe
2124,Malta,1996,6.2,Europe
2125,Malta,1997,6.4,Europe
2126,Malta,1998,6.5,Europe
2127,Malta,1999,6.4,Europe
2128,Malta,2000,6.7,Europe
2129,Malta,2001,5.6,Europe
2130,Malta,2002,5.7,Europe
2131,Malta,2003,5.9,Europe
2132,Malta,2004,6.0,Europe
2133,Malta,2005,5.9,Europe
2134,Malta,2006,6.3,Europe
2135,Malta,2007,6.1,Europe
2136,Malta,2008,6.1,Europe
2137,Malta,2009,5.7,Europe
2138,Malta,2010,6.3,Europe
2139,Malta,2011,6.2,Europe
2140,Malta,2012,6.7,Europe
2141,Malta,2013,6.1,Europe
2142,Malta,2014,6.6,Europe
2143,Malta,2015,6.7,Europe
2144,Malta,2016,6.7,Europe
2145,Malta,2017,6.3,Europe
2146,Romania,1960,10.7,Europe
2147,Romania,1961,9.7,Europe
2148,Romania,1962,9.9,Europe
2149,Romania,1963,9.3,Europe
2150,Romania,1964,9.0,Europe
2151,Romania,1965,8.6,Europe
2152,Romania,1966,8.9,Europe
2153,Romania,1967,7.9,Europe
2154,Romania,1968,7.4,Europe
2155,Romania,1969,7.0,Europe
2156,Romania,1970,7.2,Europe
2157,Romania,1971,7.3,Europe
2158,Romania,1972,7.6,Europe
2159,Romania,1973,8.2,Europe
2160,Romania,1974,8.3,Europe
2161,Romania,1975,8.8,Europe
2162,Romania,1976,9.1,Europe
2163,Romania,1977,9.2,Europe
2164,Romania,1978,9.2,Europe
2165,Romania,1979,9.0,Europe
2166,Romania,1980,8.2,Europe
2167,Romania,1981,8.2,Europe
2168,Romania,1982,7.7,Europe
2169,Romania,1983,7.3,Europe
2170,Romania,1984,7.2,Europe
2171,Romania,1985,7.1,Europe
2172,Romania,1986,7.3,Europe
2173,Romania,1987,7.3,Europe
2174,Romania,1988,7.5,Europe
2175,Romania,1989,7.7,Europe
2176,Romania,1990,8.3,Europe
2177,Romania,1991,8.0,Europe
2178,Romania,1992,7.7,Europe
2179,Romania,1993,7.1,Europe
2180,Romania,1994,6.8,Europe
2181,Romania,1995,6.8,Europe
2182,Romania,1996,6.6,Europe
2183,Romania,1997,6.5,Europe
2184,Romania,1998,6.5,Europe
2185,Romania,1999,6.2,Europe
2186,Romania,2000,6.1,Europe
2187,Romania,2001,5.9,Europe
2188,Romania,2002,5.9,Europe
2189,Romania,2003,6.2,Europe
2190,Romania,2004,6.7,Europe
2191,Romania,2005,6.7,Europe
2192,Romania,2006,6.9,Europe
2193,Romania,2007,9.1,Europe
2194,Romania,2008,7.3,Europe
2195,Romania,2009,6.6,Europe
2196,Romania,2010,5.7,Europe
2197,Romania,2011,5.2,Europe
2198,Romania,2012,5.4,Europe
2199,Romania,2013,5.4,Europe
2200,Romania,2014,5.9,Europe
2201,Romania,2015,6.3,Europe
2202,Romania,2016,6.8,Europe
2203,Romania,2017,7.3,Europe
